Party,Candidate,Post_Election_No,Pre_Election_No
3,Viktor USPASKICH,1,1
3,Loreta GRAUŽINIENĖ,2,3
3,Vytautas GAPŠYS,3,2
3,Artūras PAULAUSKAS,4,6
3,Virginija BALTRAITIENĖ,5,4
3,Kęstutis DAUKŠYS,6,10
3,Dangutė MIKUTIENĖ,7,9
3,Saulius BUCEVIČIUS,8,5
3,Viktoras FIODOROVAS,9,8
3,Živilė PINSKUVIENĖ,10,14
3,Valdas SKARBALIUS,11,18
3,Vydas GEDVILAS,12,11
3,Valentinas BUKAUSKAS,13,7
3,Vitalija VONŽUTAITĖ,14,13
3,Šarūnas BIRUTIS,15,15
3,Jonas KONDROTAS,16,20
3,Jolanta GAUDUTIENĖ,17,21
3,Darius ULICKAS,18,32
3,Zita ŽVIKIENĖ,19,16
3,Mečislovas ZASČIURINSKAS,20,12
3,Sergej DMITRIJEV,21,27
3,Jonas PINSKUS,22,140
3,Vilija FILIPOVIČIENĖ,23,17
3,Gediminas JAKAVONIS,24,33
3,Gintaras TAMOŠIŪNAS,25,70
3,Larisa DMITRIJEVA,26,34
3,Aurimas TRUNCĖ,27,31
3,Sergej URSUL,28,52
3,Saulius JAKIMAVIČIUS,29,24
3,Žilvinas PUTRAMENTAS,30,130
3,Aidas GEDVILAS,31,29
3,Aloyzas JOČYS,32,25
3,Arvydas SABOCKIS,33,133
3,Gediminas DALINKEVIČIUS,34,19
3,Vytautas GRICIUS,35,57
3,Ričardas SARGŪNAS,36,22
3,Andžela ŠAKINIENĖ,37,35
3,Vigilijus JUKNA,38,30
3,Rytis ŠATKAUSKAS,39,141
3,Danguolė MARTINKIENĖ,40,44
3,Ritas VAIGINAS,41,23
3,Paulius KALINA,42,28
3,Gintaras Jonas FURMANAVIČIUS,43,42
3,Raimundas MARKAUSKAS,44,66
3,Raimundas PALIUKAS,45,26
3,Nijolė JAGELAVIČIENĖ,46,40
3,Raja KRUPENINA,47,50
3,Viačeslav ŽDANOVIČ,48,118
3,Giedrius MOZŪRAITIS,49,54
3,Petras ČIMBARAS,50,43
3,Antanas MAKAREVIČIUS,51,49
3,Danguolė JUOZAPAVIČIENĖ,52,45
3,Lijana JAGINTAVIČIENĖ,53,38
3,Ingrida VENCIUVIENĖ,54,39
3,Petras NARKEVIČIUS,55,37
3,Marijus VELIČKA,56,81
3,Ivanas ROMANOVAS,57,55
3,Algimanta PABEDINSKIENĖ,58,51
3,Gintautas KNIUKŠTA,59,36
3,Svetlana KAUZONIENĖ,60,41
3,Stanislovas TOMAS,61,72
3,Snieguolė VICHROVIENĖ,62,115
3,Sigitas BANKAUSKAS,63,89
3,Rimvydas PODOLSKIS,64,73
3,Audronė PITRĖNIENĖ,65,47
3,Saulius GIEDRAITIS,66,69
3,Kęstutis MAČIULIS,67,100
3,Rima ZABLACKIENĖ,68,77
3,Romas VENCLOVAS,69,56
3,Arnoldas LINKEVIČIUS,70,98
3,Aušra DEGUTYTĖ,71,125
3,Saulius STANKEVIČIUS,72,46
3,Gediminas GRIGAS,73,71
3,Audrius BANIONIS,74,139
3,Pranas VILKAS,75,61
3,Vytautas LIEPA,76,76
3,Žaneta SIMANAVIČIENĖ,77,53
3,Mindaugas KIESAS,78,78
3,Giedrė VITIENĖ,79,60
3,Silvinija SIMONAITYTĖ,80,138
3,Rita NAUDUŽIENĖ,81,134
3,Algirdas GRICIUS,82,109
3,Iveta SLABOŠEVIČIŪTĖ,83,135
3,Gintaras STEPONĖNAS,84,58
3,Mingailė BINKAUSKAITĖ,85,86
3,Alfonsas PETRAUSKAS,86,80
3,Rimantas TROTA,87,65
3,Edmundas VAITEKŪNAS,88,95
3,Anželika BANEVIČIENĖ,89,97
3,Saulius GIRDAUSKAS,90,122
3,Rimantas ADOMAITIS,91,67
3,Benas ŠIMKUS,92,63
3,Genoveita KRASAUSKIENĖ,93,64
3,Antanas MARČIULIONIS,94,88
3,Robertas Raimundas IŠGANAITIS,95,83
3,Vaidotas GLOBYS,96,75
3,Borisas MARKULIS,97,74
3,Ovidijus URBANAVIČIUS,98,106
3,Egidijus GOVEDAS,99,79
3,Arūnas LUKOŠEVIČIUS,100,84
3,Mindaugas JURČIUS,101,82
3,Antanas BURINSKAS,102,59
3,Tomas URBANAVIČIUS,103,132
3,Aidas MIKĖNAS,104,101
3,Edgaras KUTURYS,105,111
3,Marius VASILEVIČIUS,106,48
3,Arūnas BACEVIČIUS,107,85
3,Irina NOVIKOVA,108,127
3,Natalja ŠLIACHTIČ,109,121
3,Alina GOREVAJA,110,92
3,Sigytas KLIMAS,111,94
3,Darius JANKŪNAS,112,68
3,Juozas GIRČYS,113,104
3,Valentina KOZLOVSKAJA,114,129
3,Jurgis MIKAILA,115,136
3,Birutė BOREIKINA,116,96
3,Valdemar GEDRIS,117,116
3,Antanas PUODYS,118,110
3,Sergejus PETUCHAS,119,123
3,Algirdas BELEVIČIUS,120,131
3,Metas RAŽINSKAS,121,103
3,Virginijus VARANAVIČIUS,122,124
3,Odeta ŽERLAUSKIENĖ,123,119
3,Vytautas KILČIAUSKAS,124,105
3,Gintautas PETRAVIČIUS,125,90
3,Galina KUZMIENĖ,126,120
3,Jolanta SOLNYŠKINIENĖ,127,62
3,Vitas JAŠKAUSKAS,128,87
3,Vaidas RATKEVIČIUS,129,108
3,Virginijus Andrius BUKAUSKAS,130,99
3,Voitechas VINSKEVIČIUS,131,102
3,Tomas STASKEVIČIUS,132,93
3,Laimutė KAČERAUSKIENĖ,133,113
3,Valerijus LEGATAS,134,128
3,Mykolas ZALUNSKIS,135,137
3,Kastytis MASALSKAS,136,126
3,Rimas BERTAŠIUS,137,112
3,Audrė PREIKŠAITIENĖ,138,114
3,Dženeta TOLIŠAUSKIENĖ,139,91
3,Manfredas ŽYMANTAS,140,107
3,Vytautas SEKONAS,141,117
4,Kristina BRAZAUSKIENĖ,1,1
4,Vilma KVIETKAUSKIENĖ,2,2
4,Giedrius PAVILIONIS,3,4
4,Jonas REKEŠIUS,4,3
4,Aivaras GEČAS,5,5
4,Birutė JANKAUSKIENĖ,6,11
4,Aušrinė MAIŽIEŠIENĖ,7,8
4,Arkadijus KISELIOVAS,8,7
4,Rimantas JUREVIČIUS,9,9
4,Dalia RAMOŠKAITĖ,10,15
4,Gintaras SABECKIS,11,10
4,Daiva AUGUSTINIENĖ,12,14
4,Ingrida VAICIKEVIČIENĖ,13,37
4,Gintautas DAČIOLA,14,12
4,Renata MACIENĖ,15,34
4,Renata MICKŪNAITĖ,16,16
4,Tadeuš POLITO,17,17
4,Darius KRUKONIS,18,18
4,Giedrė GEČAITĖ,19,19
4,Virginijus SUNGAILA,20,20
4,Aistė BAUTRĖNAITĖ,21,21
4,Virginija STANIONIENĖ,22,22
4,Edas MATULIS,23,23
4,Kęstutis MAČĖNAS,24,24
4,Jolita ALEKSEJŪNIENĖ,25,25
4,Rasa KISELIOVA,26,26
4,Algirdas ČEPONIS,27,27
4,Mindaugas ZDANEVIČIUS,28,28
4,Marius MACKEVIČIUS,29,29
4,Jurga ŠIUGŽDINYTĖ,30,31
4,Edita KALIŪNIENĖ,31,33
4,Diana ASTRAUSKIENĖ,32,35
4,Aidanas BUTKUS,33,36
4,Artūras KARAKAS,34,38
4,Svetlana MARTINKO,35,39
4,Algirdas STANKUS,36,40
4,Virginija REMEIKIENĖ,37,41
4,Kristina GALDIKAITĖ,38,42
4,Audra UŽUPIENĖ,39,45
4,Viačeslav JANKELEVIČ,40,46
4,Daiva MIEŽETIENĖ,41,49
4,Edgaras ŽUKAUSKAS,42,50
4,Magdelena AUŠKALNIENĖ,43,51
4,Aelita PAULAUSKIENĖ,44,52
4,Regina MIKALAUSKIENĖ,45,54
4,Vitalijus BERGAUDAS,46,55
4,Laima SAKALIENĖ,47,56
4,Dalius MICKUS,48,58
4,Žydrūnė SURVILIENĖ,49,60
4,Aušra STRAVINSKAITĖ-BALIŪNIENĖ,50,61
4,Elena MACAITĖ,51,62
4,Aurelija KAIRIENĖ,52,63
4,Laimutė DUDONIENĖ,53,64
4,Ruslan KARAPETROV,54,65
4,Rima PAULAUSKAITĖ,55,66
4,Nijolė VIŠKELIENĖ,56,67
4,Kęstutis ROKAS,57,68
4,Auksė KRUKAUSKIENĖ,58,70
4,Nijolė ŠIUGŽDINIENĖ,59,71
4,Drąsutis PREDKUS,60,72
4,Rita RIMŠIENĖ,61,73
4,Vilmantas MOCERENKO,62,74
4,Pranas VIDUOLIS,63,75
4,Laima VILEIKIENĖ,64,76
4,Nadežda VIŠKELIENĖ,65,77
4,Anželika JANKOVSKAJA,66,78
4,Audrius JASIONIS,67,79
4,Larisa VALAITIENĖ,68,80
4,Rymantas JURGELAITIS,69,81
4,Audronė ŠIAUČIŪNIENĖ,70,82
4,Almantas MAIŽIEŠIUS,71,83
4,Valentina IVANOVA,72,88
4,Ugnius MEČIONIS,73,89
4,Tomas GRIGALAITIS,74,90
4,Jolita BAGOČIŪTĖ,75,91
4,Laima ROMERYTĖ,76,92
4,Gintautas SKEIRIS,77,93
4,Valdas SLAVINSKAS,78,94
4,Irena KERŠULIENĖ,79,95
4,Aldona ZAUKIENĖ,80,96
4,Gintaras GURČINAS,81,97
4,Gediminas PELĖDŽIUS,82,98
4,Irina KSENZOVA,83,99
4,Reda KNIURAITĖ,84,100
4,Danutė RUPLYTĖ,85,101
4,Tadas MILIAUSKAS,86,102
4,Jurij AVDEJEV,87,103
4,Vladimir KISELIOV,88,104
4,Julija ILJINA,89,105
4,Lina AMBRAŠKIENĖ,90,106
4,Vidmantas KURAUSKAS,91,107
4,Viačeslav GVOZDAS,92,108
4,Virginija LABANAUSKIENĖ,93,109
6,Neringa VENCKIENĖ,1,1
6,Jonas VARKALA,2,2
6,Aurelija STANCIKIENĖ,3,13
6,Algirdas Vaclovas PATACKAS,4,3
6,Vytautas Antanas MATULEVIČIUS,5,9
6,Povilas GYLYS,6,8
6,Valdas VASILIAUSKAS,7,4
6,Gintaras ALEKNONIS,8,5
6,Stasys BRUNDZA,9,7
6,Audrius NAKAS,10,39
6,Audronė SKUČIENĖ,11,12
6,Saulius STOMA,12,11
6,Dainius DANILEVIČIUS,13,6
6,Rolandas BORAVSKIS,14,41
6,Vytautas DAUJOTIS,15,10
6,Tomas VILUCKAS,16,19
6,Vytautas BUDNIKAS,17,15
6,Inga STEPUKONIENĖ,18,14
6,Erika DRUNGYTĖ,19,40
6,Daugardas GRUODIS,20,18
6,Jonas RAMONAS,21,22
6,Donatas STAKIŠAITIS,22,25
6,Justė MILUŠAUSKIENĖ,23,34
6,Inga RAKAUSKIENĖ,24,16
6,Artūras RATKUS,25,52
6,Aurelija GURSKIENĖ,26,17
6,Rytis SALADŽIUS,27,28
6,Juozas VALIUŠAITIS,28,29
6,Irena VASINAUSKAITĖ,29,38
6,Egidijus SKARBALIUS,30,59
6,Evelina PALTANAVIČIŪTĖ-MATJOŠAITIENĖ,31,47
6,Irena MALINAUSKIENĖ,32,20
6,Arūnas JUŠKA,33,32
6,Julius GIRDVAINIS,34,31
6,Loreta STEPONAITYTĖ,35,21
6,Birutė VAIKŠNORAITĖ,36,37
6,Česlovas STONYS,37,78
6,Aurimas RADKEVIČIUS,38,36
6,Paulius VINKLERIS,39,43
6,Linas PETRONIS,40,30
6,Saulius VAIKŠNORAS,41,79
6,Gintaras DRUČKUS,42,45
6,Jonas ZAJANČKAUSKAS,43,82
6,Sigitas MARTINAVIČIUS,44,24
6,Vytautas PEČIŪRA,45,70
6,Jonas DAPŠAUSKAS,46,53
6,Tautrimas JANUŠEVIČIUS,47,46
6,Žilvinas MACIJAUSKAS,48,69
6,Vaidas REPEČKA,49,50
6,Antanas BUROKAS,50,81
6,Eglė MIRONČIKIENĖ,51,35
6,Saulius JUODZEVIČIUS,52,27
6,Jonas IVOŠKA,53,80
6,Kristina ZIKIENĖ,54,23
6,Zenonas VEGELEVIČIUS,55,44
6,Virgilijus Petras MATULA,56,49
6,Leonarda KUODIENĖ,57,58
6,Rasma BUZIENĖ,58,55
6,Audronė VEILENTIENĖ,59,26
6,Zenonas ŽYMANČIUS,60,54
6,Rita JUSIENĖ,61,57
6,Egidijus RUMŠA,62,71
6,Laima ARNATKEVIČIŪTĖ,63,42
6,Vygintas VILUTIS,64,33
6,Algirdas KARČIAUSKAS,65,65
6,Alė JURGAITIENĖ,66,77
6,Arimantas RAČKAUSKAS,67,62
6,Linas ŠALNA,68,75
6,Jurgis ZABILIUS,69,56
6,Linas LABAČIAUSKAS,70,48
6,Vytautas KUKLYS,71,66
6,Ryšard MACEIKIANEC,72,67
6,Genovaitė RAČINSKIENĖ,73,61
6,Audrius MALAKAUSKAS,74,68
6,Algirdas GURSKIS,75,51
6,Alvita ARMANAVIČIENĖ,76,63
6,Egidijus BALTUŠIS,77,64
6,Edvardas ŠALKAUSKAS,78,74
6,Tatjana ŽGUNOVA,79,73
6,Algirdas JANKAUSKAS,80,76
17,Juozas MURAUSKAS,1,1
17,Redas KIMANTAS,2,3
17,Rimantas ŽILIONIS,3,4
17,Virginija ANDRIJEVSKIENĖ,4,5
17,Gediminas NAUČIUS,5,2
17,Andrius KASPARAVIČIUS,6,7
17,Kristina ŽIEMYTĖ,7,9
17,Antanas PAULIUKAS,8,6
17,Laimutis RAKAS,9,17
17,Raimunda MURAUSKIENĖ,10,8
17,Enrika SKUJAITĖ,11,10
17,Rolandas JANAVIČIUS,12,15
17,Gražina OLEKAITĖ,13,18
17,Artūras ALEKNA,14,22
17,Edgaras ŽILIONIS,15,29
17,Violeta KURINSKIENĖ,16,12
17,Romualdas VARANAUSKAS,17,20
17,Natalija STOČKUVIENĖ,18,30
17,Neringa PETRULIENĖ,19,13
17,Giedrius JARAŠIŪNAS,20,11
17,Jūratė NAUČIENĖ,21,14
17,Gražina MONCEVIČIENĖ,22,26
17,Daiva RAUSCH,23,23
17,Kristina ŠUKIENĖ,24,16
17,Genė PUŽIENĖ,25,28
17,Rita ANDRIUŠIENĖ,26,25
17,Nedas KEREVIČIUS,27,19
17,Jadvyga ZUPKIENĖ,28,21
17,Marius TAŠKEVIČIUS,29,24
17,Romualdas DANIELIS,30,27
11,Gediminas VAGNORIUS,1,1
11,Vidmantas ŽIEMELIS,2,2
11,Algirdas MONKEVIČIUS,3,3
11,Arvydas ŠALTENIS,4,4
11,Albinas PILIPAUSKAS,5,5
11,Tomas JOSAS,6,11
11,Algis ŽVALIAUSKAS,7,6
11,Loreta DAMBRAUSKIENĖ,8,10
11,Antanas DAMULIS,9,8
11,Rasa JUOCEVIČIENĖ,10,15
11,Vidmantas VALINČIUS,11,7
11,Petras BEINORAS,12,9
11,Gediminas RAUDONIS,13,13
11,Henrikas PETRAUSKAS,14,12
11,Alvydas KIRKLIAUSKAS,15,18
11,Arvydas JUREVIČIUS,16,14
11,Gediminas ALEKSONIS,17,16
11,Dalia Kotryna ŽALĖNAITĖ,18,20
11,Petras MALDONIS,19,21
11,Rita LIAUDANSKIENĖ,20,40
11,Eugenijus DEGUTIS,21,38
11,Kęstutis MALINAUSKAS,22,26
11,Nerijus BUDREIKA,23,24
11,Sonata BRUŽAITĖ,24,25
11,Antanas JASAS,25,17
11,Aidas ČĖSNA,26,59
11,Vytautas JUKNA,27,27
11,Anželika JURAŠŪNIENĖ,28,30
11,Artūras TAMKUTONIS,29,19
11,Ernesta RANUSIENĖ,30,50
11,Alfonsas MOTUZAS,31,75
11,Jurgis STAŠEVIČIUS,32,79
11,Stasė KASPARAVIČIENĖ,33,22
11,Petras BALČIŪNAS,34,28
11,Darius GRIGALIONIS,35,31
11,Rita ŠEIGIENĖ,36,60
11,Tomas ŠIAUDINIS,37,66
11,Rima KRUPSKYTĖ,38,78
11,Laura MACKEVIČIENĖ,39,43
11,Vytautas BENIUŠIS,40,23
11,Eglė VOLUNGEVIČIŪTĖ,41,52
11,Juozas VASILIAUSKAS,42,36
11,Gintaras BERŽANSKIS,43,39
11,Daiva BUDZINSKAITĖ,44,77
11,Asta NAZAROVIENĖ,45,35
11,Arvydas GRIGAITIS,46,47
11,Toma RACIUVIENĖ,47,61
11,Jonas NAUJALIS,48,37
11,Stasys VALIUKAS,49,46
11,Anatolij ŠICHOVCOV,50,29
11,Daiva SAJEK,51,32
11,Algimantas Jonas AUKŠTINAITIS,52,33
11,Ilona OGURCOVA,53,34
11,Genovaitė Miglė ANDRULIENĖ,54,41
11,Raimondas BENUŠIS,55,42
11,Rūta JACEVIČIENĖ,56,44
11,Rūta JANKAUSKIENĖ,57,45
11,Sigita SIAURAITIENĖ,58,48
11,Romualdas TRIMONIS,59,49
11,Fausta SMOLENSKIENĖ,60,51
11,Audronė BARAUSKIENĖ,61,53
11,Daiva PETRAITIENĖ,62,54
11,Jurgita ŽALIABARŠTYTĖ,63,55
11,Darius KAIRAITIS,64,56
11,Algimantas JASIULIONIS,65,57
11,Asta GALBUOGIENĖ,66,58
11,Remigija KRUPODRA,67,62
11,Rolandas MERKELIS,68,63
11,Vytautas ŠUNSKIS,69,64
11,Edvinas SKIRGAILA,70,65
11,Arūnas MAULIUS,71,67
11,Tomas STENIUKYNAS,72,68
11,Vilmandas PALČIAUSKAS,73,69
11,Jurij EKHARDT,74,70
11,Rima RUTKAUSKIENĖ,75,71
11,Zita Petronelė KRIAUČIŪNAITĖ,76,72
11,Aušra TAPARAUSKIENĖ,77,73
11,Arūnas MARKŪNAS,78,74
11,Alvydas ZIMKUS,79,76
16,Algis ČAPLIKAS,1,1
16,Raimundas PALAITIS,2,2
16,Arūnas VALINSKAS,3,3
16,Artūras MELIANAS,4,4
16,Vytautas BOGUŠIS,5,5
16,Raimondas ŠUKYS,6,6
16,Gintautas BABRAVIČIUS,7,9
16,Audrius KLIŠONIS,8,16
16,Rimantas TARAŠKEVIČIUS,9,10
16,Jonas LIESYS,10,14
16,Dalia ŠTRAUPAITĖ,11,8
16,Regimantas ČIUPAILA,12,11
16,Antanas NEDZINSKAS,13,23
16,Gediminas KAZLAUSKAS,14,7
16,Andrius BURBA,15,13
16,Donatas STONYS,16,12
16,Saulius LAPĖNAS,17,18
16,Kęstutis VAITUKAITIS,18,15
16,Kęstutis BILIUS,19,21
16,Apolinaras NICIUS,20,24
16,Rimantas REMEIKA,21,20
16,Rimantas KLIPČIUS,22,42
16,Nijolė MAKŠTUTIENĖ,23,29
16,Vincas BABILIUS,24,17
16,Vytautas LAURINAITIS,25,40
16,Irena RIČKUVIENĖ,26,123
16,Vytautas TARAILĖ,27,28
16,Kęstutis TRAPIKAS,28,32
16,Jurgita GINTAUTAITĖ,29,30
16,Nora RIBOKIENĖ,30,31
16,Jonas JUČAS,31,22
16,Arūnė STIRBLYTĖ,32,27
16,Klemensas RIMŠELIS,33,25
16,Saulius GRINKEVIČIUS,34,19
16,Kęstutis SMIRNOVAS,35,26
16,Vidas BIČKUS,36,37
16,Jūratė GRICIŪTĖ,37,44
16,Edita STUNDŽIAITĖ,38,50
16,Jonas KIETAVIČIUS,39,61
16,Vidmantas PLEČKAITIS,40,43
16,Saulius BUDINAS,41,47
16,Danutė IVANAUSKIENĖ,42,87
16,Ričardas JUŠKA,43,64
16,Vincas LAURUTIS,44,33
16,Mindaugas ŠIVICKAS,45,35
16,Rita JUOZAPAITIENĖ,46,88
16,Valdas Petras MIKELIONIS,47,49
16,Linas JANUŠONIS,48,57
16,Kęstutis PAKALNIS,49,41
16,Algis MARCINKEVIČIUS,50,75
16,Rimantas DABULIS,51,120
16,Arūnas MARKŪNAS,52,93
16,Gintaras GIRŠTAUTAS,53,100
16,Robertas STANIONIS,54,46
16,Kęstutis NAVICKAS,55,60
16,Mantas PANAVAS,56,39
16,Antanas ČERNECKIS,57,65
16,Robertas PIEČIA,58,63
16,Saulius LIEKIS,59,101
16,Gediminas JEGELEVIČIUS,60,76
16,Vidas RYBELIS,61,80
16,Jurijus PETROVAS,62,51
16,Pranas PAŠKEVIČIUS,63,36
16,Audrius ILGEVIČIUS,64,97
16,Arūnas STAŠAITIS,65,56
16,Artūras TEPELYS,66,59
16,Gintautas REKERTA,67,45
16,Regimantas BARAVYKAS,68,68
16,Voldemaras BANDŽIUKAS,69,38
16,Mindaugas LADIGA,70,52
16,Iveta SKURVYDIENĖ,71,109
16,Vincas KAPOČIUS,72,66
16,Sigitas ŠIUPŠINSKAS,73,53
16,Vilma ČIVILIENĖ,74,102
16,Aivaras VASYLIUS,75,78
16,Vytautas ŠIMKUS,76,79
16,Eglė MANKEVIČIENĖ,77,84
16,Vaida KATINAITĖ,78,89
16,Rimantas RADŽIUS,79,73
16,Saulius SIMĖ,80,67
16,Antanas SIMONČIKAS,81,122
16,Sigitas ARBAČIAUSKAS,82,106
16,Alvydas BANEVIČIUS,83,58
16,Daiva VALIAUGIENĖ,84,105
16,Laurynas GARMUS,85,119
16,Arvydas ŽILINSKAS,86,95
16,Tomas KARUŽAS,87,34
16,Jonas Edvardas JUODIS,88,118
16,Deividas STAPONKUS,89,55
16,Regina LOPIENĖ,90,90
16,Rolandas CIJUNČIKAS,91,114
16,Deivydas RUBEŽIUS,92,48
16,Martynas MARCINKEVIČIUS,93,92
16,Gintaras Steponas VYŠNIAUSKAS,94,54
16,Irena SIMUTIENĖ,95,83
16,Dovilė NIKIFOROVA,96,121
16,Adolfina BLAUZDŽIŪNIENĖ,97,62
16,Laimonas PAURA,98,72
16,Aušrydas TAMULIONIS,99,110
16,Kęstutis VILNIŠKIS,100,85
16,Valdas MARČIULIONIS,101,104
16,Rimvydas TAMULAITIS,102,77
16,Vygantas GROSS,103,82
16,Andrius BŪDA,104,107
16,Romas MEDZVECKAS,105,70
16,Romualdas KISELIŪNAS,106,74
16,Žydrūnas GRENCEVIČIUS,107,103
16,Vygintas AUKŠTUOLIS,108,113
16,Vaclovas SAMUOLIS,109,94
16,Gražvydas GULBINSKAS,110,86
16,Irena IGNATAVIČIENĖ,111,108
16,Vytautas KANEVIČIUS,112,69
16,Valerijus KUZNECOVAS,113,71
16,Vitas KARČIAUSKAS,114,91
16,Algirdas KIZNIS,115,81
16,Alvydas GERVINSKAS,116,96
16,Robertas MIKALAUSKIS,117,98
16,Valdemaras PUODŽIŪNAS,118,99
16,Andrej AVDONIN,119,112
16,Linas KRAPAVICKAS,120,115
16,Virginijus SIVOLOVAS,121,116
16,Larisa TITOVA,122,117
7,Valdemar TOMAŠEVSKI,1,1
7,Vanda KRAVČIONOK,2,5
7,Juzef KVETKOVSKIJ,3,7
7,Michal MACKEVIČ,4,3
7,Zdzislav PALEVIČ,5,13
7,Zbignev JEDINSKIJ,6,6
7,Irina ROZOVA,7,2
7,Andžej ANDRUŠKEVIČ,8,19
7,Jaroslav KAMINSKI,9,15
7,Romualda POŠEVECKAJA,10,10
7,Vaidotas PRUNSKUS,11,4
7,Renata CYTACKA,12,45
7,Marija PUČ,13,9
7,Gžegož SAKSON,14,47
7,Zbigniev MACIEJEVSKI,15,18
7,Marija MATUSEVIČ,16,8
7,Tamara LOCHANKINA,17,12
7,Artur LIUDKOVSKI,18,30
7,Tadeuš ANDŽEJEVSKI,19,59
7,Jadvyga SINKEVIČ,20,22
7,Vladimir VLASOV,21,17
7,Teresa SOLOVJOVA,22,20
7,Rimantas KUMPIS,23,11
7,German KOMAROVSKIJ,24,49
7,Ježy OBLOČINSKI,25,54
7,Stanislav KAZARIN,26,74
7,Albert NARVOIŠ,27,46
7,Tadeuš BUIKO,28,41
7,Viačeslav KARMANOV,29,14
7,Rasa TAMOŠIŪNIENĖ,30,25
7,Artur SEMAŠKO,31,95
7,Sofija MATAREVIČ,32,58
7,Aleksandr MICHAILOV,33,21
7,Edmund ŠOT,34,141
7,Tadeuš TUČKOVSKI,35,39
7,Veslav STARIKOVIČ,36,53
7,Tadeuš LAVRYNOVIČ,37,36
7,Ivona ČERNIAVSKA,38,29
7,Viktor LOVČIK,39,26
7,Žaneta JANKOVSKA,40,44
7,Valdemar ŠELKOVSKI,41,76
7,Tadeuš ALIANCEVIČ,42,56
7,Sergej BONDAR,43,33
7,Oleg DAVIDIUK,44,24
7,Kristina ZIMINSKA,45,34
7,Jan TOMAŠEVIČ,46,77
7,Rita RENKAUSKIENĖ,47,16
7,Antoni Edvard JANKOVSKI,48,75
7,Valdemar RYBAK,49,106
7,Tadeušas PAVLOVSKIS,50,48
7,Olia LUKAŠEVIČ,51,65
7,Henrich KASPEROVIČ,52,57
7,Vaclav VILKOIT,53,37
7,Valdemar DOVEIKO,54,119
7,Ana JESVILIENĖ,55,80
7,Marija KLIMAŠEVSKA,56,38
7,Marijan BUINICKAS,57,40
7,Gražina SANKOVSKA BERSEKERSKA,58,136
7,Tatjana KONONOVA,59,35
7,Alina KOVALEVSKAJA,60,82
7,Francišek ŽEROMSKIJ,61,66
7,Ana INGELEVIČ,62,81
7,Renata SOBIESKA,63,89
7,Dmitrij GNEUŠEV,64,28
7,Vladislav JEDINSKIJ,65,51
7,Zinaida MUCHARSKAJA,66,31
7,Alina RIZGELIENĖ,67,109
7,Tadeuš JARMOLOVIČ,68,116
7,Valerijan JUSIONIS,69,104
7,Vadim BARANOVSKIJ,70,52
7,Laimutė BURBIENĖ,71,27
7,Valdemar URBAN,72,98
7,Alma BAGDONAVIČIENĖ,73,23
7,Andrius ŠARĖJUS,74,105
7,Edvard VORŠINSKI,75,96
7,Aleksandr FIODOROV,76,62
7,Tamara ŠUKLINA,77,64
7,Beata PAŠKOVSKA,78,99
7,Valerijus JAGLINSKI,79,86
7,Tatjana SINKEVIČ,80,139
7,Jaroslav URBANOVIČ,81,85
7,Edita ŠIŠKO,82,92
7,Regina ABLOM,83,114
7,Romuald ŠTURA,84,112
7,Česlav MASEL,85,100
7,Miroslav BOGDANOVIČ,86,128
7,Henrich PEŠKO,87,79
7,Teresa ANDRUŠKEVIČ,88,91
7,Edyta RUD,89,88
7,Regina TAMOŠIŪNIENĖ,90,134
7,Irena BARANOVSKAJA,91,103
7,Viktor MARCINKEVIČ,92,111
7,Alicija PESLIAK,93,84
7,Tatjana LAPICKAJA,94,60
7,Marina KUZNECOVA,95,71
7,Ivona ROMANOVSKA,96,135
7,Bogoslava JUREVIČ,97,126
7,Julija PLIUTIENĖ,98,50
7,Kristina GRODZ,99,72
7,Natalija DOMNENKO,100,73
7,Danuta KULIEŠIENĖ,101,78
7,Anželika ZENOVIČ,102,94
7,Olga JURKEVIČIENĖ,103,123
7,Algis MORTŪNAS,104,140
7,Roman KRYLIUK,105,42
7,Aleksandra KOVALEVSKA,106,108
7,Julija CHARITONOVA,107,138
7,Galina ZACIŠKO,108,133
7,Valdas PUGAČIAUSKAS,109,43
7,Gražina BASLYK,110,124
7,Irina LISOVSKAJA,111,115
7,Kristina MIKOLAJŪNIENĖ,112,70
7,Danuta ŠPILEVSKAJA,113,101
7,Audrius ONAITIS,114,32
7,Andrejus BRIAUNYS,115,55
7,Andžejus PUPINIS,116,67
7,Andžej DYNDA,117,131
7,Tamara KALIUŽNAJA,118,87
7,Vladislava KURSEVIČIENĖ,119,63
7,Ričardas JANKAUSKAS,120,61
7,Jurgita NAUSĖDIENĖ,121,68
7,Marija ZECHAR,122,69
7,Sergej ŠABODALOV,123,83
7,Povilas ŠUMINAS,124,90
7,Margarita SLAUTO,125,93
7,Julita MEŠKUTAVIČIŪTĖ,126,97
7,Michail ČAIKOVSKIJ,127,102
7,Dalia PUGAČIAUSKIENĖ,128,107
7,Vytautas MAKNEVIČIUS,129,110
7,Janas Stanislavas LEŠČINSKIS,130,113
7,Honorata ČAIKAUSKIENĖ,131,117
7,Zofija PILYPIENĖ,132,118
7,Viktorija DAILYDIENĖ,133,120
7,Leonija PETRAUSKAITĖ,134,121
7,Božena KLIMENIUK,135,122
7,Darius ŽUKOVSKI,136,125
7,Albinas DIMSKAS,137,127
7,Regina ŠIMULEVIČ,138,129
7,Honorata ŠAPELIENĖ,139,130
7,Valerija ŠIMIANEC,140,132
7,Violeta DUDUTIENĖ,141,137
1,Eligijus MASIULIS,1,1
1,Remigijus ŠIMAŠIUS,2,5
1,Eugenijus GENTVILAS,3,6
1,Gintaras STEPONAVIČIUS,4,3
1,Petras AUŠTREVIČIUS,5,7
1,Kęstutis GLAVECKAS,6,11
1,Algis KAŠĖTA,7,2
1,Dalia KUODYTĖ,8,4
1,Dalia TEIŠERSKYTĖ,9,19
1,Arminas LYDEKA,10,26
1,Vitalijus GAILIUS,11,10
1,Viktorija ČMILYTĖ,12,9
1,Rimantas MIKAITIS,13,8
1,Erikas TAMAŠAUSKAS,14,12
1,Artūras ŠULCAS,15,16
1,Ona BALŽEKIENĖ,16,14
1,Kęstutis TUBIS,17,17
1,Mindaugas LAPINSKAS,18,15
1,Arūnas ŠTARAS,19,13
1,Linas KVEDARAVIČIUS,20,22
1,Simonas GENTVILAS,21,37
1,Šarūnas GUSTAINIS,22,24
1,Jurgita CHOROMANSKYTĖ,23,25
1,Skirmantas TUMELIS,24,102
1,Gintaras ŠILEIKIS,25,23
1,Alina VELYKIENĖ,26,21
1,Marijus KAUKĖNAS,27,20
1,Simonas KAIRYS,28,32
1,Stasys VAINORAS,29,18
1,Benjaminas MAŠALAITIS,30,42
1,Dalius DIRSĖ,31,38
1,Diana STANKAITIENĖ,32,39
1,Vaidas BACYS,33,43
1,Tomas BARANOVAS,34,27
1,Remigijus OSAUSKAS,35,40
1,Marytė GUDONYTĖ,36,36
1,Raimundas POVILONIS,37,31
1,Audrius ENDZINAS,38,141
1,Laimontas DINIUS,39,45
1,Kęstutis SLAVINSKAS,40,33
1,Algirdas RADUŠYS,41,29
1,Gintautas KRILAVIČIUS,42,30
1,Gediminas ČEPULIS,43,140
1,Vytautas MASIULIS,44,61
1,Gintautas STANKEVIČIUS,45,34
1,Marcijonas URMONAS,46,28
1,Audrius VAIŠVILA,47,139
1,Almantas SKRUIBYS,48,65
1,Ilona GRIGARAVIČIENĖ,49,46
1,Dainius ŽILIUS,50,86
1,Algirdas ARYS,51,41
1,Albertas LAKŠTAUSKAS,52,35
1,Algis MAČIULIS,53,116
1,Vidmantas MARTIKONIS,54,79
1,Linas STANKUS,55,55
1,Sigitas ŠLIAŽAS,56,114
1,Linas KAUKĖNAS,57,48
1,Justinas KRĖPŠTA,58,63
1,Adelė MAJAUSKIENĖ,59,100
1,Petras RAČKAUSKAS,60,69
1,Audronė BALNIONIENĖ,61,44
1,Šarūnas SKUČAS,62,106
1,Dalytė RUDZEVIČIENĖ,63,75
1,Vincas JURGUTIS,64,53
1,Daiva JUODELIENĖ,65,71
1,Aurimas MOCKUS,66,133
1,Raimondas PLIKŠNYS,67,91
1,Liudas ANDRIKIS,68,107
1,Darius KRIŠTAPONIS,69,76
1,Regina MIKŠTAITĖ-ČIČIURKIENĖ,70,90
1,Algis Petras KRUTKEVIČIUS,71,50
1,Vytautas ZUBRAS,72,54
1,Reda ZAKARAUSKAITĖ,73,124
1,Aira VISOCKAITĖ,74,72
1,Algimantas ŠABLINSKAS,75,81
1,Lukas PAKELTIS,76,68
1,Arvydas ŠVIRMICKAS,77,47
1,Gytis LUKOŠEVIČIUS,78,60
1,Gytis ANDRULIONIS,79,92
1,Irena TURKEVIČIENĖ,80,80
1,Kęstutis MACIONIS,81,99
1,Zita KUKURAITIENĖ,82,58
1,Gediminas DAUKŠYS,83,117
1,Regina ROZENBLAT,84,101
1,Eugenijus KURTINAITIS,85,59
1,Audrius MASILIONIS,86,51
1,Gita KONDROTAITĖ,87,98
1,Dalia DRAUGELIENĖ,88,95
1,Simona JUCIENĖ,89,110
1,Lina ZUPKAITĖ,90,74
1,Jonas KUKUKAS,91,89
1,Albinas KUNCEVIČIUS,92,138
1,Virgilijus EIDIMTAS,93,93
1,Lina SUKACKIENĖ,94,77
1,Rita BALTADUONYTĖ-LEONIENĖ,95,66
1,Vytautas DANILEVIČIUS,96,87
1,Remigijus MAKAUSKAS,97,49
1,Skirmantė GRICIŪNIENĖ,98,70
1,Tomas VAITKEVIČIUS,99,62
1,Rita JAGMINIENĖ,100,119
1,Paulius RUMBUTIS,101,137
1,Artūras KILTINAVIČIUS,102,103
1,Vaidotas ILGIUS,103,73
1,Alfonsas KLIMAS,104,67
1,Brigita BINGELYTĖ,105,129
1,Romanas Algimantas SEDLICKAS,106,52
1,Jolanta Ada JANUITIENĖ,107,120
1,Aušra JAKUBĖLIENĖ,108,88
1,Daiva ŠEREIKIENĖ,109,84
1,Dainius JUOZAITIS,110,96
1,Adelė KARTEŠKINA,111,56
1,Arūnas BALSEVIČIUS,112,78
1,Sigitas MAJAUSKAS,113,83
1,Kristina MAŠIRKIENĖ,114,126
1,Gražina SUKURIENĖ,115,113
1,Danielius VALIAUGA,116,130
1,Jonas Kazys DZIRMEIKA,117,57
1,Kęstutis AKRAMAS,118,64
1,Romas SADAUSKAS,119,112
1,Daiva KRIKŠTAPONIENĖ,120,128
1,Arūnas MALIAUKA,121,135
1,Gytis GRIGONIS,122,109
1,Romas REMĖZA,123,132
1,Rūtenis VIRBICKAS,124,85
1,Edvardas VITKAUSKAS,125,131
1,Renatas SALADŽIUS,126,121
1,Paulius KERAS,127,97
1,Viktoras STRUPS,128,123
1,Diana ZVIEDRIENĖ,129,134
1,Gražina BAKEVIČIENĖ,130,82
1,Benediktas KRASNIAUSKAS,131,105
1,Gintaras KRAUJUTIS,132,125
1,Alikas MILKO,133,127
1,Ala DEKAN,134,94
1,Vytas LIUDŽIUS,135,104
1,Modestas KLIKNA,136,136
1,Paulius KIZERSKIS,137,115
1,Justinas Romualdas BABECKAS,138,108
1,Gytautas DAMIJONAITIS,139,118
1,Arvydas ŠMIGELSKIS,140,122
1,Gerardas Aidigintas JURKONIS,141,111
8,Algirdas BUTKEVIČIUS,1,1
8,Vilija BLINKEVIČIŪTĖ,2,2
8,Juozas OLEKAS,3,3
8,Vytenis Povilas ANDRIUKAITIS,4,5
8,Zigmantas BALČYTIS,5,7
8,Algirdas SYSAS,6,8
8,Birutė VĖSAITĖ,7,6
8,Algimantas SALAMAKINAS,8,24
8,Gediminas KIRKILAS,9,13
8,Marija Aušrinė PAVILIONIENĖ,10,12
8,Milda PETRAUSKIENĖ,11,4
8,Julius SABATAUSKAS,12,11
8,Edvardas ŽAKARIS,13,16
8,Juras POŽELA,14,9
8,Irena ŠIAULIENĖ,15,10
8,Valerijus SIMULIK,16,35
8,Rimantė ŠALAŠEVIČIŪTĖ,17,47
8,Benediktas JUODKA,18,14
8,Juozas BERNATONIS,19,17
8,Bronius BRADAUSKAS,20,22
8,Bronius PAUŽA,21,31
8,Edmundas JONYLA,22,34
8,Giedrė PURVANECKIENĖ,23,18
8,Eduardas ŠABLINSKAS,24,78
8,Antanas NESTECKIS,25,49
8,Arūnas DUDĖNAS,26,28
8,Albinas MITRULEVIČIUS,27,37
8,Rimantas SINKEVIČIUS,28,30
8,Orinta LEIPUTĖ,29,23
8,Gintautas MIKOLAITIS,30,59
8,Ona BABONIENĖ,31,42
8,Artūras ČERNIAUSKAS,32,25
8,Pranas PETROŠIUS,33,46
8,Justas PANKAUSKAS,34,20
8,Kristina MIŠKINIENĖ,35,40
8,Vydas BARAVYKAS,36,61
8,Sigita BURBIENĖ,37,15
8,Raminta POPOVIENĖ,38,56
8,Arvydas MOCKUS,39,103
8,Linas ANDRULIS,40,99
8,Mindaugas BASTYS,41,26
8,Antanas VALYS,42,19
8,Albinas EŽERSKIS,43,58
8,Darius PETROŠIUS,44,62
8,Rimantas VAITKUS,45,45
8,Faustas LATĖNAS,46,72
8,Jonas BUDREVIČIUS,47,33
8,Auksė KONTRIMIENĖ,48,21
8,Valerijonas KUBILIUS,49,76
8,Irena LUNSKIENĖ,50,50
8,Artūras SKARDŽIUS,51,84
8,Vilija VERTELIENĖ,52,36
8,Violeta BOREIKIENĖ,53,32
8,Marius SKARUPSKAS,54,141
8,Lilija PETRAITIENĖ,55,27
8,Algirdas BALČYTIS,56,90
8,Tatjana RINKEVIČIENĖ,57,44
8,Vytautas SAULIS,58,63
8,Vaclovas KARBAUSKIS,59,93
8,Arkadijus VINOKURAS,60,41
8,Povilas VADOPOLAS,61,81
8,Laima NAGIENĖ,62,57
8,Jūratė KULBERKIENĖ,63,29
8,Alma MONKAUSKAITĖ,64,52
8,Romas ADOMAVIČIUS,65,48
8,Jolanta BIELSKIENĖ,66,43
8,Dainius BUDRYS,67,83
8,Nikolaj MEDVEDEV,68,127
8,Alvydas VAICEKAUSKAS,69,67
8,Jonas JUOZAPAITIS,70,55
8,Genovaitė EŽERSKIENĖ,71,64
8,Domas PETRULIS,72,71
8,Lina KYBARTAITĖ,73,38
8,Asta KANDRATAVIČIENĖ,74,54
8,Ramūnas BUROKAS,75,130
8,Vytautas KLEIVA,76,70
8,Aleksandras ZELTINIS,77,116
8,Adas JAKUBAUSKAS,78,39
8,Danas PALUCKAS,79,66
8,Darius JASAITIS,80,133
8,Jonas JURKUS,81,75
8,Rima ŠIRVINSKIENĖ,82,69
8,Margarita JANKAUSKAITĖ,83,86
8,Vytautas VILYS,84,134
8,Zofija PAULIKIENĖ,85,68
8,Egidijus GAIDAMAVIČIUS,86,123
8,Alvydas ŽALA,87,73
8,Darius RAZMISLEVIČIUS,88,111
8,Romualdas RUDZYS,89,140
8,Algirdas MEŠKAUSKAS,90,131
8,Vilius CIBULSKAS,91,95
8,Arūnas EIMUTIS,92,137
8,Elena ČEKIENĖ,93,60
8,Steponas VAIČIKAUSKAS,94,96
8,Petras PAPOVAS,95,121
8,Alfonsas PULOKAS,96,87
8,Jūratė JUOZAITIENĖ,97,77
8,Nikolajus GUSEVAS,98,108
8,Vytautas RINKEVIČIUS,99,135
8,Janina GAIDŽIŪNAITĖ,100,85
8,Kazimieras ŠIMKUS,101,129
8,Asta JASIŪNIENĖ,102,65
8,Aloyzas KAŽDAILEVIČIUS,103,94
8,Mindaugas BALČIŪNAS,104,100
8,Almantas ŠTREIMIKIS,105,138
8,Vasilijus POPOVAS,106,119
8,Algirdas NAVICKAS,107,139
8,Arvydas VYŠNIAUSKAS,108,124
8,Bronislovas STASIULIS,109,105
8,Inesa KARSTEN,110,80
8,Rimantas ŠADŽIUS,111,79
8,Justinas SARTAUSKAS,112,125
8,Vaidotas LINKUS,113,136
8,Romualdas NEMANIUS,114,51
8,Klavdija STEPANOVA,115,102
8,Žaneta KLEBANSKAJA,116,53
8,Danutė Ona STATULEVIČIENĖ,117,82
8,Vygantas SUDARIS,118,113
8,Stasys BAJERČIUS,119,114
8,Eglė Daiva KANIKOVIENĖ,120,106
8,Kazimieras AUGULIS,121,128
8,Darius SKUSEVIČIUS,122,112
8,Sigitas DOBILINSKAS,123,122
8,Kęstutis VIRBICKAS,124,74
8,Jurgis JURKEVIČIUS,125,107
8,Vytautas BAKASĖNAS,126,115
8,Rasa PAJARSKIENĖ,127,88
8,Regina EITMONĖ,128,110
8,Nijolė VAITAVIČIENĖ,129,98
8,Kostas ARVASEVIČIUS,130,91
8,Stanislava CVIRKIENĖ,131,118
8,Linas JONAUSKAS,132,97
8,Violeta GEMBUTIENĖ,133,92
8,Lina BUDREIKAITĖ,134,104
8,Edmundas TIESNESIS,135,126
8,Aldona VORIENĖ,136,101
8,Eugenijus KOVALKOVAS,137,117
8,Emilis MISIULIS,138,120
8,Andrius JOZONIS,139,132
8,Loreta KUBILIŪNIENĖ,140,109
8,Jūratė JANUŠKIENĖ,141,89
14,Ramūnas KARBAUSKIS,1,1
14,Bronis ROPĖ,2,3
14,Rima BAŠKIENĖ,3,4
14,Albinas MORKŪNAS,4,2
14,Dainius KEPENIS,5,14
14,Juozas BERTAŠIUS,6,5
14,Nijolė ŠATIENĖ,7,13
14,Andriejus STANČIKAS,8,11
14,Bronius MARKAUSKAS,9,15
14,Juozas DAUTARTAS,10,6
14,Pranciškus Alfredas ŠLIUŽAS,11,23
14,Virginija VINGRIENĖ,12,10
14,Povilas ŽAGUNIS,13,9
14,Viktoras PRANCKIETIS,14,17
14,Antanas BAURA,15,7
14,Jonas JARUTIS,16,8
14,Gema UMBRASIENĖ,17,20
14,Algirdas KOPŪSTAS,18,16
14,Kazimieras NAUSĖDA,19,27
14,Tomas TOMILINAS,20,12
14,Rima RAUKTIENĖ,21,24
14,Romas MAJAUSKAS,22,25
14,Antanas BEZARAS,23,31
14,Vytautas ZURBA,24,32
14,Vytautas MIKELIONIS,25,18
14,Izidorius ŠIMKUS,26,101
14,Marijona LUKAŠEVIČIENĖ,27,41
14,Jonas VILIONIS,28,21
14,Jonas POVILAITIS,29,33
14,Vaidotas BUTKEVIČIUS,30,36
14,Vidmantas PALIULIS,31,29
14,Valius ĄŽUOLAS,32,59
14,Vytautas VĖŽELIS,33,141
14,Gipoldas KARKLELIS,34,66
14,Juozas RIMKUS,35,77
14,Rimantė MISIŪNIENĖ,36,35
14,Benius RŪTELIONIS,37,19
14,Kęstutis MAŽEIKA,38,43
14,Laima ŠALKAUSKIENĖ,39,26
14,Audrys ŠIMAS,40,40
14,Remigijus VILYS,41,58
14,Daiva RIBIKAUSKIENĖ,42,44
14,Rita RAMANAUSKIENĖ,43,37
14,Albertas BRAZAS,44,78
14,Vaida KAVALIAUSKAITĖ,45,39
14,Arūnas GRUBLIAUSKIS,46,56
14,Gaila MATULYTĖ,47,47
14,Danutė UŽKURĖLYTĖ,48,128
14,Vytautas KAZLAUSKAS,49,140
14,Bronislovas LIUTKUS,50,80
14,Andrejus GAIDAMAVIČIUS,51,94
14,Petras NEVULIS,52,60
14,Aušrinė NORKIENĖ,53,97
14,Genovaitė KIMBRIENĖ,54,64
14,Kazys SIVICKIS,55,28
14,Rolandas RUTĖ,56,62
14,Julija JUŠKIENĖ,57,65
14,Tomas KAŽEMĖKAS,58,38
14,Jonas SALDUKAITIS,59,22
14,Vytautas RAKICKAS,60,46
14,Aringas PAČEŠIŪNAS,61,45
14,Gintaris PETRĖNAS,62,81
14,Juozas SAUSPREŠKIS,63,139
14,Valė MACIJAUSKIENĖ,64,53
14,Martynas RUSTEIKA,65,63
14,Česlav JAKOVIČ,66,30
14,Virgilijus POZINGIS,67,48
14,Dalius ČAPAITIS,68,52
14,Valdas JUŠKEVIČIUS,69,50
14,Teresė JANKAUSKIENĖ,70,79
14,Gediminas GRYBĖ,71,96
14,Algimantas ČEPONIS,72,135
14,Marijus KAKTYS,73,91
14,Ernestas LUČAUSKAS,74,34
14,Valdas ŽIČKA,75,55
14,Andrius MULEVIČIUS,76,102
14,Raimonda SUTKAITIENĖ,77,57
14,Arminas MOCKEVIČIUS,78,121
14,Elida DUBINSKYTĖ-ŠIMAITĖ,79,89
14,Vytautas RASTENIS,80,74
14,Juozas RAUDONIUS,81,138
14,Mantas ŠAKOČIUS,82,49
14,Pranciškus ZARAMBA,83,75
14,Vytautas SLABYS,84,125
14,Audrius ŠEŠTOKAS,85,51
14,Skaidrutė ŽUVELAITIENĖ,86,67
14,Lina NEMEIKŠIENĖ,87,126
14,Adomas STATKUS,88,105
14,Elena MIRINAVIČIENĖ,89,83
14,Paulius VISACKAS,90,76
14,Jolita BIELSKIENĖ,91,87
14,Apolinaras STONKUS,92,119
14,Marijonas MITKUS,93,61
14,Linas LAZAUSKAS,94,99
14,Kazys VIRŠILAS,95,100
14,Juozas STEPONAVIČIUS,96,86
14,Jūratė JOVAIŠIENĖ,97,70
14,Remigijus KELNERIS,98,120
14,Dalius JANKAUSKAS,99,54
14,Juozas VARNELIS,100,71
14,Mindaugas ALIŠAUSKAS,101,118
14,Laimutė JANČIUKIENĖ,102,92
14,Odeta KRASAUSKIENĖ,103,134
14,Zita RAMOŠKIENĖ,104,69
14,Arvydas SUODIS,105,137
14,Jūratė TRUNCIENĖ,106,84
14,Gerda VILIMAITĖ,107,108
14,Vaidas ZAKARAUSKAS,108,136
14,Dovilė ŽIŽIENĖ,109,93
14,Vladas VITAS,110,130
14,Darius DAPKUS,111,133
14,Živilė JANULEVIČIŪTĖ,112,72
14,Valdas KAMAITIS,113,88
14,Birutė KAKTYTĖ,114,103
14,Rytis SALADINSKAS,115,85
14,Aurimas Paulius GIRČYS,116,111
14,Artūras RAULIČKIS,117,116
14,Virginija APANAVIČIENĖ,118,73
14,Vitalijus BALKUS,119,113
14,Alvydas ŽUVININKAS,120,132
14,Robertas KVIETKAUSKAS,121,68
14,Haroldas SANIUKAS,122,98
14,Justinas NAVIKAS,123,110
14,Jonas KANAVOLAS,124,123
14,Vidas KANIŠAUSKAS,125,82
14,Mantas FELNERIS,126,90
14,Renatas BERNIKAS,127,127
14,Tomas MONTVILA,128,107
14,Valdas VAITIŠKIS,129,114
14,Arūnas JOKUBAUSKAS,130,115
14,Orinta JAZDAUSKAITĖ,131,106
14,Juzef TOMAŠEVIČ-JAKOVIČ,132,42
14,Jonas SIMINKEVIČIUS,133,109
14,Remigijus ZELVARAS,134,112
14,Remigijus PELENIS,135,117
14,Oksana ROKAŠEVIČ,136,104
14,Loreta DRANŽILAUSKIENĖ,137,95
14,Remigijus PUPLAUSKAS,138,122
14,Vytautas VALEVIČIUS,139,124
14,Algimantas JARUKAITIS,140,129
14,Gintautas MIELEIKA,141,131
12,Vladimir ROMANOV,1,1
12,Joana ŠIMANAUSKIENĖ,2,2
12,Vitoldas MASALSKIS,3,3
12,Rimantas KAUKĖNAS,4,5
12,Anatolijus ČUPKOVAS,5,4
12,Darjuš LAVRINOVIČ,6,9
12,Kšištof LAVRINOVIČ,7,11
12,Vytautas Aleksas LAZINKA,8,12
12,Andrius KANDELIS,9,6
12,Indrė JANKAUSKIENĖ,10,17
12,Petras VEŽBAVIČIUS,11,7
12,Robertas PRANCKŪNAS,12,15
12,Algimanta ŠČIGLINSKIENĖ,13,13
12,Sigitas VAIŠNORAS,14,18
12,Algimantas PAUKŠTAITIS,15,8
12,Vainius ARLAUSKAS,16,61
12,Ala GUSEVA,17,10
12,Jonas ŠČEPONIS,18,14
12,Jolita TUROVAITĖ KAIRIENĖ,19,16
12,Giedrius GRIGALIUS,20,19
12,Algirdas KAZILIONIS,21,20
12,Irina BUDAJEVA,22,21
12,Vilhelmas MOTIEJŪNAS,23,22
12,Robertas KASPEROVIČIUS,24,23
12,Farit NUGUMANOV,25,24
12,Angelina LABANAUSKIENĖ,26,25
12,Vaclovas MACIJAUSKAS,27,26
12,Vladimiras KORNIJEVSKIS,28,27
12,Liana GUDAUSKIENĖ,29,28
12,Remigijus SABALIAUSKAS,30,29
12,Valdas VARNAS,31,31
12,Emilis MIKELĖNAS,32,33
12,Gitana BEDULSKIENĖ,33,34
12,Rita ŠERNIENĖ,34,35
12,Saulius BAGDONAS,35,36
12,Karolis VAIČIŪNAS,36,37
12,Tadeuš MICHNEVIČ,37,38
12,Kęstutis VASILKOVAS,38,39
12,Ilona ČIRVINSKAITĖ,39,40
12,Olga SAVICKAJA,40,41
12,Darius KEPEŽINSKAS,41,42
12,Kristina NEMANIENĖ,42,43
12,Marijus ČIUČIULKA,43,44
12,Dainius REKEVIČIUS,44,45
12,Adrijus BRUSOKAS,45,46
12,Samanta REMEIKIENĖ,46,47
12,Vadim DAVYDOV,47,48
12,Edita ZAGURSKIENĖ,48,49
12,Vladas ADŽGAUSKAS,49,50
12,Emilija PALUBINSKIENĖ,50,51
12,Kristina LEONAVIČIENĖ,51,52
12,Jurij BURSOV,52,53
12,Dionizas DIRŽAUSKAS,53,54
12,Leonid BONDARENKO,54,55
12,Vidmantas ŽEMAITIS,55,56
12,Gintarė BITYTĖ,56,57
12,Andrej JERONKO,57,58
12,Valerij DALECKIJ,58,59
12,Viačeslav KAŠPOR,59,60
10,Gintaras SONGAILA,1,4
10,Alvydas MEDALINSKAS,2,2
10,Birutė VALIONYTĖ,3,1
10,Kazimieras UOKA,4,7
10,Algimantas MATULEVIČIUS,5,9
10,Antanas BURAČAS,6,3
10,Arvydas AKSTINAVIČIUS,7,5
10,Julius PANKA,8,15
10,Audrius RUDYS,9,8
10,Gediminas NAVAITIS,10,10
10,Nijolė BALČIŪNIENĖ,11,14
10,Jonas VALATKA,12,21
10,Ričardas ČEKUTIS,13,56
10,Alvydas BUTKUS,14,16
10,Jonas VAIŠKŪNAS,15,33
10,Eugenijus SKRUPSKELIS,16,6
10,Arūnas GRUMADAS,17,11
10,Marius KUNDROTAS,18,136
10,Algirdas ENDRIUKAITIS,19,19
10,Dainius Petras PAUKŠTĖ,20,13
10,Tomas BARANAUSKAS,21,24
10,Gediminas AKELAITIS,22,28
10,Violeta LINKIENĖ,23,12
10,Algimantas KIRKUTIS,24,18
10,Jonas MAŽINTAS,25,52
10,Alvydas VALEIŠA,26,37
10,Pranas NOREIKA,27,26
10,Nijolė UINSKIENĖ,28,20
10,Sandra ČESNULEVIČIŪTĖ,29,55
10,Marius GALINIS,30,128
10,Algirdas VILIMAS,31,40
10,Egidijus VISOCKAS,32,38
10,Nerijus STASIULIS,33,25
10,Valentinas GYLYS,34,45
10,Vladas BURAGAS,35,23
10,Arūnas GUMULIAUSKAS,36,17
10,Algimantas BIRBILAS,37,32
10,Rytas KAMINSKAS,38,41
10,Tomas BEDULSKIS,39,129
10,Tomas BAKUČIONIS,40,30
10,Vaiva ŽUKIENĖ,41,51
10,Alfonsas LUPEIKIS,42,22
10,Kęstutis DVARŽECKIS,43,44
10,Ričardas GARUOLIS,44,31
10,Liudas BRADAUSKAS,45,34
10,Tomas BIKELIS,46,47
10,Alvydas DIRSĖ,47,61
10,Arūnas EIGIRDAS,48,43
10,Mindaugas KRENCIUS,49,27
10,Laimutis VASILEVIČIUS,50,64
10,Albinas STANKUS,51,35
10,Vytautas BURBULIS,52,36
10,Vytautas TUMĖNAS,53,102
10,Darius KOMKA,54,80
10,Zita ORENTIENĖ,55,116
10,Nijolė VILIENĖ,56,39
10,Česlovas ŠLĖGAITIS,57,75
10,Artūras ŽIGAS,58,84
10,Mindaugas ŠIMKŪNAS,59,93
10,Donatas GOLUBEVAS,60,126
10,Birutė BUDRECKIENĖ,61,86
10,Rimas URBUS,62,29
10,Rimantas MAKRICKAS,63,42
10,Vaidas NAGRECKIS,64,46
10,Arūnas PAKUTINSKAS,65,48
10,Edvardas KUVIKAS,66,49
10,Jūrius BRUKLYS,67,50
10,Antanas AUGŪNAS,68,53
10,Mindaugas KONČIUS,69,54
10,Vytas MAŽĖTIS,70,57
10,Algimantas ARNASTAUSKAS,71,58
10,Albinas KRUŠINSKAS,72,59
10,Reimundas VARAPICKAS,73,60
10,Arūnas MATULIS,74,62
10,Vytautas ŠVANYS,75,63
10,Renaldas ŽILINSKAS,76,65
10,Irutė GEDUTIENĖ,77,66
10,Česlovas BANEVIČIUS,78,67
10,Laimutė DĖDINIENĖ,79,68
10,Romualdas KACEVIČIUS,80,69
10,Rima ŠTEFANE,81,70
10,Vytautas MACKONIS,82,71
10,Andrius JANKAUSKAS,83,72
10,Rimantas PAKALNIS,84,73
10,Danutė BLAŽYTĖ-BAUŽIENĖ,85,74
10,Jonas GRIŠKEVIČIUS,86,76
10,Nijolė BARONIENĖ,87,77
10,Saulius ADOMAVIČIUS,88,78
10,Antanas SKYRIUS,89,79
10,Gediminas DAVULIS,90,81
10,Ričardas ŠALKAUSKAS,91,82
10,Darijus VENSKUS,92,83
10,Andrius ŠIMAS,93,85
10,Darius BARTAŠIUS,94,87
10,Vaclovas RINGYS,95,88
10,Audronė ČEKAUSKIENĖ,96,89
10,Nijolė DARGUŽIENĖ,97,90
10,Valentinas MIZEIKIS,98,91
10,Ruslan KOŽEMIAKIN,99,92
10,Gytis JACKŪNAS,100,94
10,Paulius ZYKAS,101,95
10,Judita DARGEVIČIENĖ,102,96
10,Donatas JANČARAS,103,97
10,Liudas VEDECKIS,104,98
10,Aurimas JANONIS,105,99
10,Aušra MIELEIKIENĖ,106,100
10,Algimantas ŠVANYS,107,101
10,Zigmantas VALIULIS,108,103
10,Mindaugas ZILNYS,109,104
10,Dalia URBANAVIČIENĖ,110,106
10,Angelija RANCEVIENĖ,111,107
10,Raimundas GRUMADAS,112,108
10,Darius TUMŠIS,113,109
10,Gintaras BINKAUSKAS,114,110
10,Regina MUSNECKIENĖ,115,111
10,Stasys GADEIKIS,116,112
10,Bernardas ŠATKOVSKIS,117,113
10,Ramūnas RAMANAUSKAS,118,114
10,Juozas LOPETAITIS,119,115
10,Kristijonas KAMENECKAS,120,117
10,Alvydas KIMTYS,121,118
10,Algirdas ČERNIAUSKAS,122,119
10,Gražina KRAULIENĖ,123,120
10,Angelė KAZLAUSKIENĖ,124,121
10,Bronislava DAUNORIENĖ,125,122
10,Mantas URBONAS,126,123
10,Egidijus SINKEVIČIUS,127,124
10,Nerijus BUCYLINAS,128,125
10,Darius VARNAS,129,127
10,Antanas ČEBATARIŪNAS,130,130
10,Gintaras EIGIRDAS,131,131
10,Vladas TURČINAVIČIUS,132,132
10,Rimantas MATULIS,133,133
10,Šarūnas LAUŽADIS,134,134
10,Tatjana ŠČIURINA,135,135
15,Stanislovas BUŠKEVIČIUS,1,1
15,Stasys BUŠKEVIČIUS,2,2
15,Aušrys KRIŠČIŪNAS,3,3
15,Raimundas KAMINSKAS,4,4
15,Raimundas MILADAUSKAS,5,5
15,Edita SMETONAITĖ,6,10
15,Simona STINSKAITĖ,7,7
15,Kęstutis MIŠKINIS,8,8
15,Lijana JASKŪNAITĖ,9,9
15,Dainius BIKULIČIUS,10,6
15,Raimundas VAITKEVIČIUS,11,15
15,Arminas ŠAULYS,12,31
15,Vida IVAŠKIENĖ,13,11
15,Tomas ŠVILPAUSKAS,14,14
15,Inga KRIŠČIŪNIENĖ,15,29
15,Juozas BAJORAS,16,20
15,Mindaugas RIMKEVIČIUS,17,30
15,Vitas SMILGYS,18,12
15,Vladas TUMĖNAS,19,19
15,Laura RUTKAUSKIENĖ,20,18
15,Aimantas GEČIAUSKAS,21,13
15,Eglė KNIEČIŪNAITĖ,22,24
15,Donata VAIČYTĖ-MARTINKIENĖ,23,16
15,Roberta KLIMAVIČIŪTĖ,24,22
15,Egidijus ŠVĖGŽDA,25,27
15,Marijus ŠIRVAITIS,26,23
15,Eglė Ernesta LUMBIENĖ,27,17
15,Emilija PRIŠMONTAITĖ,28,25
15,Ramunė ŠVILPAUSKIENĖ,29,28
15,Antanas MALEVIČIUS,30,21
15,Jadvyga GEČIAUSKIENĖ,31,26
9,Valentinas MAZURONIS,1,1
9,Julius VESELKA,2,8
9,Petras GRAŽULIS,3,11
9,Andrius MAZURONIS,4,18
9,Remigijus ŽEMAITAITIS,5,10
9,Kęstas KOMSKIS,6,3
9,Remigijus AČAS,7,4
9,Ona VALIUKEVIČIŪTĖ,8,6
9,Vytautas KAMBLEVIČIUS,9,2
9,Rimas Antanas RUČYS,10,5
9,Egidijus KLUMBYS,11,20
9,Romualdas GINEVIČIUS,12,9
9,Dailis Alfonsas BARAKAUSKAS,13,7
9,Vaidas PAVILONIS,14,44
9,Artūras RAZBADAUSKAS,15,13
9,Sigitas KARBAUSKAS,16,43
9,Aušra RUČIENĖ,17,24
9,Aldona Ona RADČENKO,18,33
9,Almantas PETKUS,19,15
9,Algimantas DUMBRAVA,20,19
9,Liveta KAZLAUSKIENĖ,21,52
9,Daiva MATONIENĖ,22,23
9,Egidijus VILIMAS,23,14
9,Vytautas GALVONAS,24,16
9,Artūras ORLAUSKAS,25,47
9,Gintautas LABANAUSKAS,26,17
9,Loreta JAKINEVIČIENĖ,27,38
9,Romas JANKAUSKAS,28,12
9,Aldona STAPONKIENĖ,29,26
9,Natalja ISTOMINA,30,34
9,Vytautas JUCIUS,31,84
9,Vygaudas MOLIS,32,30
9,Gintaras ŠURKUS,33,138
9,Vincas PLIKAITIS,34,28
9,Kęstutis BARTKEVIČIUS,35,36
9,Jolita VAICKIENĖ,36,39
9,Loreta KEKIENĖ,37,22
9,Irena SKERNEVIČIŪTĖ,38,25
9,Lina ŠUKYTĖ,39,63
9,Silverijus STATKUS,40,80
9,Osvaldas KATINAS,41,32
9,Kazys ZULONAS,42,42
9,Rolandas JONIKAITIS,43,21
9,Albinas KLIMAS,44,35
9,Pranas NORVILAS,45,56
9,Gediminas RUDŽIONIS,46,29
9,Kristina VAREIKIENĖ,47,37
9,Viktoras KURA,48,103
9,Algirdas ŽANDARAS,49,40
9,Vytautas VASILENKO,50,41
9,Kristina KRUPAVIČIENĖ,51,27
9,Algirdas GUDAITIS,52,45
9,Sigitas ČINGA,53,31
9,Raimondas BITINAS,54,66
9,Donatas MIZARAS,55,48
9,Edita RUDIENĖ,56,46
9,Romualdas JABLONSKIS,57,136
9,Edgaras MOLIS,58,134
9,Paulius PAULIONIS,59,137
9,Nina ŠESTERNIKOVA,60,65
9,Marius JUŠKEVIČIUS,61,57
9,Almantas JAKIMAVIČIUS,62,54
9,Aleksander POPLAVSKI,63,70
9,Leta KALINAUSKAITĖ,64,72
9,Daiva JUKNEVIČIENĖ,65,82
9,Vidmantas JAPERTAS,66,51
9,Dalia GRIGALIŪNIENĖ,67,71
9,Svetlana BABUJEVA,68,94
9,Donatas SENIKAS,69,55
9,Sonata RUDŽIANSKIENĖ,70,53
9,Birutė KAVOLIENĖ,71,88
9,Rasa LUCINAVIČIENĖ,72,67
9,Raimonda KAROSAITĖ,73,64
9,Algimantas ADOMAITIS,74,73
9,Rita LATVIŪNIENĖ,75,50
9,Audronė BERESNEVIČIENĖ,76,68
9,Regina KULEŠIENĖ,77,102
9,Liucija BORUSEVIČIENĖ,78,58
9,Algimantas JUOCEVIČIUS,79,49
9,Danas DAMBRAUSKAS,80,61
9,Algirdas GENEVIČIUS,81,62
9,Ona GIEDRIENĖ,82,59
9,Žydrė NUTAUTIENĖ,83,135
9,Vytautas NARUŠIS,84,105
9,Vidas ANILIONIS,85,74
9,Marius JUKONIS,86,75
9,Juozas ČERNIAUSKAS,87,130
9,Ramojus GIRINSKAS,88,69
9,Kęstutis JASEVIČIUS,89,60
9,Rimvydas VELYKIS,90,85
9,Petras BERESNEVIČIUS,91,76
9,Anatolij PARAMONOV,92,92
9,Aleksas KARALAVIČIUS,93,79
9,Juozas ROKAS,94,93
9,Saulius ŠIURYS,95,99
9,Eglė MITKIENĖ,96,91
9,Tomas JAKAVIČIUS,97,78
9,Eugenijus POVILONIS,98,113
9,Henrikas MACKELA,99,100
9,Luana PALUKAITIENĖ,100,112
9,Ignas JONUŠAS,101,83
9,Vygantas JAKŠTAS,102,86
9,Laima ALBINSKIENĖ,103,120
9,Irena GAILIUTĖ,104,125
9,Danius KANAUKA,105,116
9,Eduard MELNIKOV,106,132
9,Rima ŠULGIENĖ,107,133
9,Valdas RAČKAUSKAS,108,104
9,Kęstutis GUDELEVIČIUS,109,81
9,Tomas ARMONAVIČIUS,110,97
9,Indrė BUTVILĖ,111,127
9,Franc JAKUBOVSKIJ,112,77
9,Juras ANDRIUKAITIS,113,118
9,Egidijus URNA,114,123
9,Gedvydas CELIEŠIUS,115,87
9,Rimvydas ANUSAUSKAS,116,131
9,Danutė VOVERIENĖ,117,117
9,Karolina Aleksandra LUKAŠEVIČIŪTĖ,118,98
9,Alvydas JONAITIS,119,106
9,Benediktas PAULAUSKAS,120,119
9,Benjaminas KUJAVSKIS,121,121
9,Vytautas JAZUKEVIČIUS,122,114
9,Vitalija LUKŠIENĖ,123,95
9,Inga KAROSEVIČIŪTĖ,124,124
9,Pranas SASNAUSKAS,125,110
9,Alvydas MALINAUSKAS,126,128
9,Romualdas JASMANTAS,127,126
9,Reimontas DEVENIS,128,90
9,Lina PETKŪNIENĖ,129,107
9,Sangedas PORTOPAS,130,111
9,Viktoras KAZAKEVIČIUS,131,96
9,Žibuoklė SENIKIENĖ,132,89
9,Andrius GRITĖNAS,133,101
9,Vladas VAŽNEVIČIUS,134,108
9,Algirdas CEGELIS,135,109
9,Vincas METRIKIS,136,115
9,Remigijus BUOŽIUS,137,122
9,Stanislav LADINSKIJ,138,129
18,Artūras ZUOKAS,1,1
18,Agnė ZUOKIENĖ,2,4
18,Žilvinas ŠILGALIS,3,2
18,Miroslavas MONKEVIČIUS,4,3
18,Ligitas KERNAGIS,5,5
18,Rūta VANAGAITĖ,6,7
18,Žydrūnas SAVICKAS,7,10
18,Donatas PILINKUS,8,6
18,Povilas MAČIULIS,9,11
18,Rosvaldas GORBAČIOVAS,10,20
18,Jūratė MATEKONIENĖ,11,9
18,Laimas DIENINIS,12,18
18,Saulius SKAMBINAS,13,22
18,Michail OLISOV,14,25
18,Jonas JUODKA,15,21
18,Vytautas KURPUVESAS,16,8
18,Petras NAUSĖDA,17,44
18,Arvydas JAKAS,18,15
18,Antanas NAUJOKAS,19,16
18,Aleksandras BOJAROVAS,20,49
18,Vasilij FIODOROV,21,75
18,Darius MASKOLIŪNAS,22,140
18,Židrūnas GARŠVA,23,141
18,Martynas NAGEVIČIUS,24,27
18,Zita UŽLYTĖ,25,17
18,Andrejus ZADNEPROVSKIS,26,139
18,Olga GORŠKOVA,27,19
18,Edgaras STANIŠAUSKAS,28,14
18,Audronė MALŪKIENĖ,29,23
18,Danutė BUDREIKAITĖ,30,12
18,Benas Renatas BALTUSIS,31,69
18,Saulius GEGIECKAS,32,13
18,Dainius VARNAS,33,26
18,Donatas VEČERSKIS,34,28
18,Robertas FILISTOVIČIUS,35,33
18,Dangis GUDELIS,36,36
18,Gintaras SODEIKA,37,40
18,Jonas MARCINKUS,38,30
18,Nerijus ŽILEVIČIUS,39,55
18,Vidmantas ŠIMKUS,40,31
18,Snaigė VALENTUKEVIČIENĖ,41,39
18,Tatjana ČERNIAVSKIENĖ,42,41
18,Vitalius BESAKIRSKAS,43,35
18,Tadas LABUTIS,44,100
18,Saulius PAUKŠTYS,45,77
18,Jevgenij GAGARIN,46,58
18,Angelė RUKŠTELIENĖ,47,29
18,Ruslan KOVALIOV,48,45
18,Stanislav TARASEVIČ,49,46
18,Beata LABUTYTĖ,50,43
18,Asta LUKOŠIŪNIENĖ,51,64
18,Eglė URBONIENĖ,52,51
18,Janė NARVILIENĖ,53,24
18,Edmundas BERNOTAS,54,80
18,Virginijus DASTIKAS,55,130
18,Aras KAIKARIS,56,48
18,Algimantas VAKARINAS,57,132
18,Kęstutis VAIŠVILA,58,83
18,Janina ŠIMKUVIENĖ,59,34
18,Svajūnas JUODKA,60,78
18,Simas BRUSOKAS,61,120
18,Indrė JAKAITYTĖ,62,133
18,Vilma VENSLOVAITIENĖ,63,90
18,Marius STANKEVIČIUS,64,32
18,Zofija ABECIŪNIENĖ,65,38
18,Nijolė DIRSIENĖ,66,107
18,Kęstutis NĖNIUS,67,131
18,Valdas KLIMANTAVIČIUS,68,129
18,Stasys ŽIRGULIS,69,136
18,Ona ŠIŠKIENĖ,70,42
18,Mantas PAULAUSKAS,71,96
18,Regina ŠIMANAUSKIENĖ,72,50
18,Daivis SUTKEVIČIUS,73,112
18,Mindaugas MIZGAITIS,74,138
18,Rolandas URNIEŽIUS,75,47
18,Inga SIMANONYTĖ,76,57
18,Jolita PELECKIENĖ,77,71
18,Gediminas KONTAUTAS,78,99
18,Jonas KUKLYS,79,67
18,Vidutis BAREIKIS,80,111
18,Ingrida VISOCKIENĖ,81,60
18,Algimantas LIUBINSKAS,82,66
18,Egidijus Antanas JOVAIŠA,83,73
18,Loreta RUPEIKIENĖ,84,53
18,Darius GIMŽAUSKAS,85,72
18,Eligijus DZEŽULSKIS-DUONYS,86,123
18,Virginijus LUKOŠIŪNAS,87,68
18,Virginijus ŠMIGELSKAS,88,84
18,Nomeda GUDELIENĖ,89,102
18,Vajonė STRIMAITIENĖ,90,101
18,Zenobija ŽEPNICKIENĖ,91,137
18,Alfredas ASTIKAS,92,59
18,Arturas NEMURA,93,88
18,Jevgenij GALIAUTDINOV,94,98
18,Ričardas JOVAIŠA,95,94
18,Jonas PŪKAS,96,79
18,Ernesta ARLAUSKAITĖ,97,127
18,Juozas ANTANAITIS,98,135
18,Vitalija ŠIMKIENĖ,99,85
18,Povilas ALEKSANDRAVIČIUS,100,37
18,Gediminas VASILIAUSKAS,101,125
18,Donatas RAMANAUSKAS,102,65
18,Erika Unė DOMARKIENĖ,103,82
18,Gintaras ŽANDARAVIČIUS,104,54
18,Saulius NARŪNAS,105,63
18,Aurimas MILKAUSKAS,106,115
18,Vaidotas VAITKEVIČIUS,107,52
18,Artūras VAŠKEVIČIUS,108,56
18,Audrius GOŠTAUTAS,109,61
18,Juozas JANKEVIČIUS,110,62
18,Edgaras VALECKAS,111,70
18,Rimas STANKŪNAS,112,74
18,Aleksandras Vytautas JAKELEVIČIUS,113,76
18,Marius KLIPČIUS,114,81
18,Saulius ANILIONIS,115,86
18,Irena SKAMBINIENĖ,116,87
18,Loreta KLIUKIENĖ,117,89
18,Virginija NAŠLĖNIENĖ,118,91
18,Stasė ŠIBAKOVSKIENĖ,119,92
18,Aldona KRASAUSKIENĖ,120,93
18,Marius TRINKŪNAS,121,95
18,Antanas Algis JANICKAS,122,97
18,Mečislovas SUBELIS,123,103
18,Laimonas BANKAUSKAS,124,104
18,Darius NIŪKLYS,125,105
18,Gitana GIMBUTIENĖ,126,106
18,Inga LEBEDNYKIENĖ,127,108
18,Leonas Kęstutis DUNAUSKAS,128,109
18,Rita GLAZER,129,110
18,Armandas KALYTIS,130,113
18,Dainius JUKNEVIČIUS,131,114
18,Artūras JACEVIČIUS,132,116
18,Simona STANČIKAITĖ,133,117
18,Mindaugas CESIULIS,134,118
18,Nerijus DUNAUSKAS,135,119
18,Gintautas ŠIVICKAS,136,121
18,Božena GRUODIENĖ,137,122
18,Martynas POŽAITIS,138,124
18,Almutė JUZĖNIENĖ,139,126
18,Algimantas ŠVENTICKAS,140,128
18,Daina URBANAVIČIENĖ,141,134
2,Valdemaras VALKIŪNAS,1,1
2,Stasys DANIUS,2,2
2,Juozas DINGELIS,3,3
2,Danutė MARTINKĖNIENĖ,4,4
2,Inga ČERNIŪTĖ,5,5
2,Mindaugas VALKIŪNAS,6,10
2,Leonas ALESIONKA,7,8
2,Alfonsas VAIŠVILA,8,7
2,Gražina BOGDANSKIENĖ,9,6
2,Artūras POVILAITIS,10,15
2,Dalė POŠKIENĖ,11,11
2,Tadas VALKIŪNAS,12,38
2,Violeta GEMBICKA,13,9
2,Rimantas NARKŪNAS,14,17
2,Albina KAVALIAUSKAITĖ,15,13
2,Paulius ZABIELSKAS,16,21
2,Audronė GIGIENĖ,17,12
2,Violeta SEILIUVIENĖ,18,14
2,Oksana SLAPŠIENĖ,19,16
2,Edis BUDGINAS,20,18
2,Regina MILIAUSKIENĖ,21,19
2,Jonas SADOVSKIS,22,20
2,Jolanda PETKUVIENĖ,23,22
2,Gintaras GRIGARAVIČIUS,24,23
2,Dainora GRUZDIENĖ,25,24
2,Alvydas AUGUSTINAITIS,26,25
2,Rūta ZIENIENĖ,27,26
2,Danguolė GASILIAUSKIENĖ,28,27
2,Aidas GRICIUS,29,28
2,Juozas ŠLYŽIUS,30,29
2,Rita KARPENKIENĖ,31,30
2,Arūnas MARTINKĖNAS,32,31
2,Eligija NORKIENĖ-PAPLAUSKĖ,33,32
2,Algimantas JASULAITIS,34,33
2,Ričardas GREVIŠKIS,35,34
2,Rasa MISIENĖ,36,35
2,Ilona POPLAVSKAJA,37,36
2,Nijolė JURKUVIENĖ,38,37
2,Tomas SALIAMONAS,39,39
2,Sandra ADOMAITIENĖ,40,40
2,Aušra ABRAMAVIČIENĖ,41,41
2,Arvydas RAKAUSKAS,42,42
2,Zita JAKUBYNIENĖ,43,43
2,Marius KARALIŪNAS,44,44
2,Odilija LEKŠAITĖ,45,45
2,Edita NAVAKAUSKIENĖ,46,46
2,Janas JUREVIČIUS,47,47
2,Laimis BIKAUSKAS,48,48
2,Kazys Vytautas LAURUŠEVIČIUS,49,49
2,Domantas ČIRVINSKAS,50,50
2,Rytis ZABIELSKAS,51,51
2,Mindaugas KARLONAS,52,52
2,Aura BARTAŠKIENĖ,53,54
2,Oleg KAUŠINIS,54,56
2,Linas IMBRAZAS,55,57
2,Zita KLIKNIENĖ,56,58
2,Ingrida JANKAUSKIENĖ,57,59
2,Donatas BARTKUS,58,60
2,Valdas MIKALSKIS,59,61
2,Daiva VAIDELIENĖ,60,62
2,Stanislav LITVINOVIČ,61,63
2,Lolita TURAUSKIENĖ,62,64
2,Mindaugas KUKCINAVIČIUS,63,65
2,Remigijus URBONAS,64,66
2,Vilma GECEVIČIŪTĖ,65,67
2,Nerijus VARNAS,66,68
2,Deimantas Petras RAŽANAUSKAS,67,69
2,Artemij SITENKOV,68,70
2,Rimas KANČYS,69,71
2,Daina LINGIENĖ,70,72
2,Alina LITVINOVIČ,71,73
2,Birutė PAUKŠTIENĖ,72,74
2,Vilma GALVYDIENĖ,73,75
2,Vitalija GRIGARAVIČIENĖ,74,76
2,Andrius JASONAS,75,77
2,Tomas MERKYS,76,78
2,Kęstutis NORVILAS,77,79
2,Leonid PLOTNIKOV,78,80
13,Algirdas PALECKIS,1,1
13,Vytautas BERNATONIS,2,3
13,Mindaugas STAKVILEVIČIUS,3,2
13,Michailas BUGAKOVAS,4,4
13,Algirdas JANYŠIUS,5,5
13,Vladimir FOMIN,6,7
13,Oleg GLUCHOV,7,13
13,Juozas ARBAČIAUSKAS,8,6
13,Algis KALAŠNIKOVAS,9,9
13,Audronė MILTENIENĖ,10,8
13,Sergej POPOV,11,40
13,Vladas KASPARAVIČIUS,12,12
13,Edikas JAGELAVIČIUS,13,10
13,Olegas RATIUKAS,14,17
13,Stasys ŠADUIKIS,15,18
13,Birutė DILPŠIENĖ,16,15
13,Laura NIKIFOROVA,17,19
13,Marijona ŠIURNIENĖ,18,11
13,Ivan FILONOV,19,26
13,Natalja LATYPOVA,20,23
13,Natalja VIKTOROVA,21,27
13,Jonas BULYS,22,14
13,Vadim LATYPOV,23,34
13,Genrich SARBAJ,24,32
13,Silva JAUNIŠKIENĖ,25,20
13,Antanas ŽADEIKIS,26,33
13,Angelė AMBRAZIENĖ,27,39
13,Vladas JURGUTIS,28,30
13,Aušra SAULIENĖ,29,38
13,Veronika ŽADEIKIENĖ,30,25
13,Kęstutis ŠKĖLA,31,31
13,Felicija PACHAR,32,21
13,Valentina ČERNIKEVIČ,33,29
13,Gitana VALAVIČIŪTĖ,34,35
13,Boleslovas Kristijonas KARENAUSKAS,35,16
13,Dalė DEMOVIENĖ,36,22
13,Virginija BLADIKIENĖ,37,24
13,Marijona ŠIMOLIŪNIENĖ,38,28
13,Vitalij LAVKART,39,36
13,Genovaitė LAGINAUSKIENĖ,40,37
5,Andrius KUBILIUS,1,1
5,Irena DEGUTIENĖ,2,2
5,Rasa JUKNEVIČIENĖ,3,4
5,Agnė BILOTAITĖ,4,3
5,Jurgis RAZMA,5,5
5,Kęstutis MASIULIS,6,10
5,Arvydas ANUŠAUSKAS,7,6
5,Audronius AŽUBALIS,8,8
5,Vytautas JUOZAPAITIS,9,12
5,Kazys STARKEVIČIUS,10,11
5,Dainius KREIVYS,11,18
5,Paulius SAUDARGAS,12,9
5,Rimantas Jonas DAGYS,13,7
5,Stasys ŠEDBARAS,14,19
5,Naglis PUTEIKIS,15,26
5,Emanuelis ZINGERIS,16,21
5,Vilija ALEKNAITĖ ABRAMIKIENĖ,17,14
5,Antanas MATULAS,18,17
5,Mantas ADOMĖNAS,19,15
5,Arvydas VIDŽIŪNAS,20,16
5,Valentinas STUNDYS,21,13
5,Vida Marija ČIGRIEJIENĖ,22,25
5,Sergejus JOVAIŠA,23,35
5,Liutauras KAZLAVICKAS,24,38
5,Donatas JANKAUSKAS,25,22
5,Rokas ŽILINSKAS,26,48
5,Egidijus VAREIKIS,27,27
5,Rytas KUPČINSKAS,28,33
5,Auksutė RAMANAUSKAITĖ-SKOKAUSKIENĖ,29,24
5,Vincė Vaidevutė MARGEVIČIENĖ,30,20
5,Virginijus VALENTINAVIČIUS,31,23
5,Saulius PEČELIŪNAS,32,28
5,Edmundas PUPINIS,33,30
5,Arimantas DUMČIUS,34,29
5,Vitas MATUZAS,35,37
5,Julius DAUTARTAS,36,31
5,Kazimieras KUZMINSKAS,37,34
5,Žilvinas LELEIVA,38,55
5,Jonas GUDAUSKAS,39,32
5,Justinas URBANAVIČIUS,40,46
5,Laurynas KASČIŪNAS,41,80
5,Edvinas KRUNGOLCAS,42,51
5,Jonas ŠIMĖNAS,43,53
5,Vidas URBONAVIČIUS,44,39
5,Liudvikas SABUTIS,45,36
5,Vaidas ŠALAŠEVIČIUS,46,40
5,Danutė BEKINTIENĖ,47,47
5,Gediminas ANUŽIS,48,42
5,Vaidotas BACEVIČIUS,49,41
5,Petras LUOMANAS,50,44
5,Loreta KALNIKAITĖ,51,58
5,Gintarė SKAISTĖ,52,61
5,Gediminas KRASAUSKAS,53,52
5,Birutė KAŽEMĖKAITĖ,54,56
5,Pranas ŽEIMYS,55,45
5,Aurimas NAUSĖDA,56,81
5,Violeta PODOLSKAITĖ,57,65
5,Nerijus ČAPAS,58,70
5,Vilhelm HAASE,59,54
5,Egidijus ČERNIUS,60,141
5,Povilas BALČIŪNAS,61,64
5,Algis URBONAS,62,43
5,Edita GUDIŠAUSKIENĖ,63,100
5,Algis STRELČIŪNAS,64,88
5,Algis KAZULĖNAS,65,49
5,Petras MUSTEIKIS,66,68
5,Vilhelminas JANUŠONIS,67,72
5,Dobilas KURTINAITIS,68,73
5,Vidmantas ŽILIUS,69,57
5,Raimondas PANKEVIČIUS,70,102
5,Vygantas GUDĖNAS,71,62
5,Evaldas JURKEVIČIUS,72,50
5,Tomas PETREIKIS,73,91
5,Dalius BITAITIS,74,85
5,Gintautas ČIŽAUSKAS,75,140
5,Sigutis OBELEVIČIUS,76,59
5,Regina LUKOŠEVIČIENĖ,77,82
5,Lina RIMKIENĖ,78,60
5,Loreta KUDARIENĖ,79,66
5,Algirdas KLIMAITIS,80,83
5,Kęstutis Danielius RIMKEVIČIUS,81,74
5,Jonas DIENINIS,82,93
5,Valdas PILECKAS,83,77
5,Mindaugas Petras BALAŠAITIS,84,98
5,Inga BILIŪNAITĖ,85,67
5,Vykintas STUMBRYS,86,139
5,Janina GALIAUSKIENĖ,87,90
5,Dijana MEŠKAUSKIENĖ,88,137
5,Jonas POVILIONIS,89,138
5,Pranas JACIUNSKAS,90,63
5,Nerijus JOCYS,91,71
5,Indrė POCIŪTĖ-LEVICKIENĖ,92,134
5,Simas SALICKAS,93,97
5,Artūras LISTAVIČIUS,94,92
5,Gintautas LUKOŠAITIS,95,94
5,Jonas JURGELIŪNAS,96,87
5,Ernestas JUŠKA,97,86
5,Ramūnas KARTENIS,98,89
5,Vytautas VENCKŪNAS,99,95
5,Gintautas RADŽIUKYNAS,100,103
5,Vilma SAVICKIENĖ,101,69
5,Povilas KARVELIS,102,115
5,Rimvydas ŽIEMYS,103,78
5,Giedrius GRAŽULIS,104,121
5,Rasa PETRAUSKIENĖ,105,75
5,Dainius BARDAUSKAS,106,116
5,Agneta LADEK,107,84
5,Vitas SADAUSKAS,108,101
5,Laimutė STEPONAVIČIENĖ,109,107
5,Erika KIŽIENĖ,110,118
5,Edgaras PILYPAITIS,111,136
5,Alfonsas VILDŽIŪNAS,112,96
5,Jadvyga DUNAUSKAITĖ,113,111
5,Šarūnas LAUŽIKAS,114,79
5,Juozas MAŽEIKA,115,105
5,Alfreda TAMOŠEVIČIENĖ,116,119
5,Kęstutis DAINIUS,117,76
5,Vytautas GIMŽAUSKAS,118,135
5,Alfredas JONUŠKA,119,122
5,Algimantas VAITKUS,120,133
5,Rasa KONTAUTIENĖ,121,130
5,Evaldas MACEIKA,122,132
5,Arūnas BARBŠYS,123,99
5,Saulius BUDRYS,124,112
5,Asta BEIERLE EIGIRDIENĖ,125,104
5,Virginija RADZIŠAUSKIENĖ,126,109
5,Alma RADVILĖ,127,108
5,Liutauras DIRSĖ,128,113
5,Jonas CIMBOLAITIS,129,114
5,Algis RUDYS,130,124
5,Sigitas ČIRBA,131,126
5,Povilas TAMOŠAUSKAS,132,127
5,Robertas ŠARKNICKAS,133,131
5,Jonas BUČINSKAS,134,117
5,Jonas MILIERIUS,135,128
5,Egidijus GIEDRAITIS,136,123
5,Darius ŽEBRAUSKAS,137,129
5,Kęstutis BUIVIDAS,138,106
5,Antanas Juozas KAZAKEVIČIUS,139,120
5,Ramūnas ALMINAS,140,110
5,Žužuna TOLEIKIENĖ,141,125
